,Date,Price
0,2019-01-23,8.26
1,2019-01-22,8.28
2,2019-01-21,8.26
3,2019-01-18,8.26
4,2019-01-17,8.3
5,2019-01-16,8.23
6,2019-01-15,8.27
7,2019-01-14,8.34
8,2019-01-11,8.36
9,2019-01-10,8.41
10,2019-01-09,8.45
11,2019-01-08,8.65
12,2019-01-07,8.64
13,2019-01-04,8.66
14,2019-01-03,8.68
15,2019-01-02,8.7
16,2018-12-29,8.73
17,2018-12-28,8.71
18,2018-12-27,8.7
19,2018-12-26,8.78
20,2018-12-25,8.78
21,2018-12-24,8.73
22,2018-12-21,8.76
23,2018-12-20,8.75
24,2018-12-19,8.79
25,2018-12-18,8.78
26,2018-12-17,8.74
27,2018-12-14,8.72
28,2018-12-13,8.68
29,2018-12-12,8.68
30,2018-12-11,8.68
31,2018-12-10,8.68
32,2018-12-07,8.67
33,2018-12-06,8.75
34,2018-12-05,8.69
35,2018-12-04,8.64
36,2018-12-03,8.61
37,2018-11-30,8.69
38,2018-11-29,8.69
39,2018-11-28,8.82
40,2018-11-27,8.84
41,2018-11-26,8.9
42,2018-11-23,8.78
43,2018-11-22,8.71
44,2018-11-21,8.69
45,2018-11-20,8.73
46,2018-11-19,8.65
47,2018-11-16,8.65
48,2018-11-15,8.64
49,2018-11-14,8.67
50,2018-11-13,9.03
51,2018-11-12,8.99
52,2018-11-09,8.94
53,2018-11-08,8.82
54,2018-11-07,8.7
55,2018-11-06,8.63
56,2018-11-02,8.62
57,2018-11-01,8.63
58,2018-10-31,8.62
59,2018-10-30,8.62
60,2018-10-29,8.6
61,2018-10-26,8.62
62,2018-10-25,8.61
63,2018-10-24,8.58
64,2018-10-23,8.57
65,2018-10-22,8.49
66,2018-10-19,8.59
67,2018-10-18,8.61
68,2018-10-17,8.58
69,2018-10-16,8.56
70,2018-10-15,8.67
71,2018-10-12,8.79
72,2018-10-11,8.88
73,2018-10-10,8.85
74,2018-10-09,8.85
75,2018-10-08,8.86
76,2018-10-05,8.78
77,2018-10-04,8.7
78,2018-10-03,8.51
79,2018-10-02,8.45
80,2018-10-01,8.45
81,2018-09-28,8.57
82,2018-09-27,8.55
83,2018-09-26,8.64
84,2018-09-25,8.62
85,2018-09-24,8.61
86,2018-09-21,8.69
87,2018-09-20,8.78
88,2018-09-19,8.74
89,2018-09-18,8.86
90,2018-09-17,8.95
91,2018-09-14,8.85
92,2018-09-13,8.86
93,2018-09-12,8.87
94,2018-09-11,8.99
95,2018-09-10,9.24
96,2018-09-07,9.23
97,2018-09-06,9.15
98,2018-09-05,8.89
99,2018-09-04,8.8
100,2018-09-03,8.69
101,2018-08-31,8.74
102,2018-08-30,8.74
103,2018-08-29,8.69
104,2018-08-28,8.66
105,2018-08-27,8.66
106,2018-08-24,8.65
107,2018-08-23,8.67
108,2018-08-22,8.62
109,2018-08-21,8.6
110,2018-08-20,8.7
111,2018-08-17,8.69
112,2018-08-16,8.53
113,2018-08-15,8.49
114,2018-08-14,8.39
115,2018-08-13,8.46
116,2018-08-10,8.31
117,2018-08-09,8.25
118,2018-08-08,8.08
119,2018-08-07,7.88
120,2018-08-06,7.92
121,2018-08-03,7.84
122,2018-08-02,7.84
123,2018-08-01,7.73
124,2018-07-31,7.69
125,2018-07-30,7.74
126,2018-07-27,7.77
127,2018-07-26,7.76
128,2018-07-25,7.76
129,2018-07-24,7.72
130,2018-07-23,7.71
131,2018-07-20,7.71
132,2018-07-19,7.72
133,2018-07-18,7.68
134,2018-07-17,7.62
135,2018-07-16,7.55
136,2018-07-13,7.51
137,2018-07-12,7.53
138,2018-07-11,7.56
139,2018-07-10,7.58
140,2018-07-09,7.59
141,2018-07-06,7.67
142,2018-07-05,7.67
143,2018-07-04,7.71
144,2018-07-03,7.72
145,2018-07-02,7.7
146,2018-06-29,7.7
147,2018-06-28,7.73
148,2018-06-27,7.76
149,2018-06-26,7.76
150,2018-06-25,7.66
151,2018-06-22,7.67
152,2018-06-21,7.68
153,2018-06-20,7.74
154,2018-06-19,7.86
155,2018-06-18,7.87
156,2018-06-15,7.75
157,2018-06-14,7.55
158,2018-06-13,7.58
159,2018-06-11,7.51
160,2018-06-09,7.5
161,2018-06-08,7.51
162,2018-06-07,7.44
163,2018-06-06,7.39
164,2018-06-05,7.37
165,2018-06-04,7.32
166,2018-06-01,7.35
167,2018-05-31,7.36
168,2018-05-30,7.34
169,2018-05-29,7.34
170,2018-05-28,7.31
171,2018-05-25,7.31
172,2018-05-24,7.28
173,2018-05-23,7.32
174,2018-05-22,7.34
175,2018-05-21,7.37
176,2018-05-20,7.37
177,2018-05-18,7.37
178,2018-05-17,7.34
179,2018-05-16,7.36
180,2018-05-15,7.36
181,2018-05-14,7.32
182,2018-05-11,7.31
183,2018-05-10,7.35
184,2018-05-09,7.39
185,2018-05-08,7.4
186,2018-05-07,7.32
187,2018-05-04,7.34
188,2018-05-03,7.35
189,2018-05-02,7.27
190,2018-04-30,7.25
191,2018-04-28,7.26
192,2018-04-27,7.27
193,2018-04-26,7.31
194,2018-04-25,7.28
195,2018-04-24,7.24
196,2018-04-23,7.34
197,2018-04-20,7.28
198,2018-04-19,7.28
199,2018-04-18,7.38
200,2018-04-17,7.42
201,2018-04-16,7.5
202,2018-04-13,7.51
203,2018-04-12,7.43
204,2018-04-11,7.53
205,2018-04-10,7.61
206,2018-04-09,7.3
207,2018-04-06,7.07
208,2018-04-05,7.05
209,2018-04-04,7.04
210,2018-04-03,7.05
211,2018-04-02,7.05
212,2018-03-30,7.05
213,2018-03-29,7.05
214,2018-03-28,7.07
215,2018-03-27,7.08
216,2018-03-26,7.05
217,2018-03-23,7.0
218,2018-03-22,7.0
219,2018-03-21,7.03
220,2018-03-20,7.05
221,2018-03-19,7.1
222,2018-03-16,7.09
223,2018-03-15,7.11
224,2018-03-14,7.06
225,2018-03-13,7.04
226,2018-03-12,7.03
227,2018-03-09,7.03
228,2018-03-07,7.05
229,2018-03-06,7.05
230,2018-03-05,7.06
231,2018-03-02,7.08
232,2018-03-01,7.06
233,2018-02-28,7.03
234,2018-02-27,7.03
235,2018-02-26,7.01
236,2018-02-22,7.05
237,2018-02-21,7.04
238,2018-02-20,7.09
239,2018-02-19,7.05
240,2018-02-18,7.04
241,2018-02-16,7.04
242,2018-02-15,7.11
243,2018-02-14,7.14
244,2018-02-13,7.15
245,2018-02-12,7.14
246,2018-02-09,7.16
247,2018-02-08,7.15
248,2018-02-07,7.14
249,2018-02-06,7.2
250,2018-02-05,7.2
251,2018-02-02,7.2
252,2018-02-01,7.22
253,2018-01-31,7.23
254,2018-01-30,7.32
255,2018-01-29,7.42
256,2018-01-26,7.42
257,2018-01-25,7.4
258,2018-01-24,7.38
259,2018-01-23,7.44
260,2018-01-22,7.43
261,2018-01-19,7.42
262,2018-01-18,7.42
263,2018-01-17,7.42
264,2018-01-16,7.43
265,2018-01-15,7.41
266,2018-01-12,7.43
267,2018-01-11,7.48
268,2018-01-10,7.5
269,2018-01-09,7.47
270,2018-01-05,7.51
271,2018-01-04,7.48
272,2018-01-03,7.56
273,2017-12-29,7.59
274,2017-12-28,7.59
275,2017-12-27,7.59
276,2017-12-26,7.59
277,2017-12-25,7.58
278,2017-12-22,7.57
279,2017-12-21,7.56
280,2017-12-20,7.56
281,2017-12-19,7.59
282,2017-12-18,7.58
283,2017-12-16,7.59
284,2017-12-15,7.59
285,2017-12-14,7.62
286,2017-12-13,7.62
287,2017-12-12,7.62
288,2017-12-11,7.6
289,2017-12-08,7.6
290,2017-12-07,7.62
291,2017-12-06,7.61
292,2017-12-05,7.6
293,2017-12-04,7.64
294,2017-12-01,7.61
295,2017-11-30,7.61
296,2017-11-29,7.65
297,2017-11-28,7.63
298,2017-11-27,7.65
299,2017-11-24,7.66
300,2017-11-23,7.64
301,2017-11-22,7.66
302,2017-11-21,7.7
303,2017-11-20,7.7
304,2017-11-17,7.67
305,2017-11-16,7.67
306,2017-11-15,7.71
307,2017-11-14,7.75
308,2017-11-13,7.71
309,2017-11-10,7.65
310,2017-11-09,7.65
311,2017-11-08,7.65
312,2017-11-07,7.62
313,2017-11-04,7.63
314,2017-11-03,7.63
315,2017-11-02,7.6
316,2017-11-01,7.62
317,2017-10-31,7.62
318,2017-10-30,7.59
319,2017-10-29,7.6
320,2017-10-27,7.6
321,2017-10-26,7.57
322,2017-10-25,7.58
323,2017-10-24,7.56
324,2017-10-23,7.55
325,2017-10-22,7.55
326,2017-10-20,7.55
327,2017-10-19,7.53
328,2017-10-18,7.52
329,2017-10-17,7.55
330,2017-10-16,7.52
331,2017-10-13,7.49
332,2017-10-12,7.53
333,2017-10-11,7.54
334,2017-10-10,7.59
335,2017-10-09,7.62
336,2017-10-06,7.6
337,2017-10-05,7.57
338,2017-10-04,7.59
339,2017-10-03,7.62
340,2017-10-02,7.61
341,2017-09-29,7.57
342,2017-09-28,7.6
343,2017-09-27,7.67
344,2017-09-26,7.63
345,2017-09-25,7.6
346,2017-09-22,7.57
347,2017-09-21,7.59
348,2017-09-20,7.55
349,2017-09-19,7.57
350,2017-09-18,7.58
351,2017-09-15,7.54
352,2017-09-14,7.57
353,2017-09-13,7.56
354,2017-09-12,7.57
355,2017-09-11,7.52
356,2017-09-08,7.53
357,2017-09-07,7.52
358,2017-09-06,7.54
359,2017-09-05,7.58
360,2017-09-04,7.69
361,2017-09-01,7.68
362,2017-08-31,7.74
363,2017-08-30,7.8
364,2017-08-29,7.85
365,2017-08-28,7.8
366,2017-08-25,7.79
367,2017-08-24,7.79
368,2017-08-23,7.79
369,2017-08-22,7.8
370,2017-08-21,7.8
371,2017-08-18,7.79
372,2017-08-17,7.78
373,2017-08-16,7.78
374,2017-08-15,7.79
375,2017-08-14,7.73
376,2017-08-11,7.76
377,2017-08-10,7.77
378,2017-08-09,7.78
379,2017-08-08,7.77
380,2017-08-07,7.73
381,2017-08-06,7.7
382,2017-08-04,7.7
383,2017-08-03,7.8
384,2017-08-02,7.86
385,2017-08-01,7.86
386,2017-07-31,7.82
387,2017-07-28,7.79
388,2017-07-27,7.78
389,2017-07-26,7.86
390,2017-07-25,7.91
391,2017-07-24,7.89
392,2017-07-21,7.79
393,2017-07-20,7.76
394,2017-07-19,7.79
395,2017-07-18,7.78
396,2017-07-17,7.76
397,2017-07-16,7.75
398,2017-07-14,7.75
399,2017-07-13,7.79
400,2017-07-12,7.84
401,2017-07-11,7.9
402,2017-07-10,7.85
403,2017-07-07,7.89
404,2017-07-06,7.85
405,2017-07-05,7.79
406,2017-07-04,7.7
407,2017-07-03,7.7
408,2017-07-02,7.69
409,2017-07-01,7.69
410,2017-06-30,7.69
411,2017-06-29,7.72
412,2017-06-28,7.68
413,2017-06-27,7.67
414,2017-06-26,7.68
415,2017-06-25,7.69
416,2017-06-23,7.69
417,2017-06-22,7.8
418,2017-06-21,7.8
419,2017-06-20,7.85
420,2017-06-19,7.86
421,2017-06-16,7.83
422,2017-06-15,7.7
423,2017-06-14,7.61
424,2017-06-13,7.58
425,2017-06-09,7.59
426,2017-06-08,7.61
427,2017-06-07,7.6
428,2017-06-06,7.64
429,2017-06-05,7.63
430,2017-06-02,7.57
431,2017-06-01,7.54
432,2017-05-31,7.64
433,2017-05-30,7.64
434,2017-05-29,7.59
435,2017-05-26,7.62
436,2017-05-25,7.57
437,2017-05-24,7.55
438,2017-05-23,7.48
439,2017-05-22,7.48
440,2017-05-19,7.5
441,2017-05-18,7.59
442,2017-05-17,7.6
443,2017-05-16,7.55
444,2017-05-15,7.53
445,2017-05-12,7.59
446,2017-05-11,7.61
447,2017-05-10,7.65
448,2017-05-07,7.73
449,2017-05-05,7.73
450,2017-05-04,7.69
451,2017-05-03,7.59
452,2017-05-02,7.56
453,2017-04-28,7.61
454,2017-04-27,7.74
455,2017-04-26,7.74
456,2017-04-25,7.75
457,2017-04-24,7.67
458,2017-04-22,7.75
459,2017-04-21,7.75
460,2017-04-20,7.83
461,2017-04-19,7.92
462,2017-04-18,7.96
463,2017-04-17,7.93
464,2017-04-14,7.94
465,2017-04-13,7.95
466,2017-04-12,8.01
467,2017-04-11,7.99
468,2017-04-10,7.95
469,2017-04-07,7.91
470,2017-04-06,7.85
471,2017-04-05,7.86
472,2017-04-04,7.93
473,2017-04-03,7.94
474,2017-03-31,7.93
475,2017-03-30,7.88
476,2017-03-29,7.95
477,2017-03-28,7.94
478,2017-03-27,7.96
479,2017-03-26,7.99
480,2017-03-24,7.99
481,2017-03-23,7.99
482,2017-03-22,8.04
483,2017-03-21,7.96
484,2017-03-20,7.96
485,2017-03-18,8.0
486,2017-03-17,8.0
487,2017-03-16,7.98
488,2017-03-15,8.08
489,2017-03-14,8.11
490,2017-03-13,8.09
491,2017-03-10,8.13
492,2017-03-09,8.16
493,2017-03-07,8.15
494,2017-03-06,8.21
495,2017-03-03,8.22
496,2017-03-02,8.24
497,2017-03-01,8.23
498,2017-02-28,8.27
499,2017-02-27,8.21
500,2017-02-24,8.21
501,2017-02-22,8.21
502,2017-02-21,8.21
503,2017-02-20,8.19
504,2017-02-17,8.21
505,2017-02-16,8.16
506,2017-02-15,8.1
507,2017-02-14,8.07
508,2017-02-13,8.01
509,2017-02-10,8.05
510,2017-02-09,8.11
511,2017-02-08,8.11
512,2017-02-07,8.15
513,2017-02-06,8.09
514,2017-02-04,8.08
515,2017-02-03,8.08
516,2017-02-02,8.06
517,2017-02-01,8.15
518,2017-01-31,8.18
519,2017-01-30,8.23
520,2017-01-27,8.15
521,2017-01-26,8.27
522,2017-01-25,8.26
523,2017-01-24,8.16
524,2017-01-23,8.07
525,2017-01-21,8.07
526,2017-01-20,8.08
527,2017-01-19,8.07
528,2017-01-18,8.07
529,2017-01-17,8.03
530,2017-01-16,8.06
531,2017-01-13,8.0
532,2017-01-12,8.0
533,2017-01-11,8.11
534,2017-01-10,8.07
535,2017-01-09,8.14
536,2017-01-07,8.4
537,2017-01-06,8.35
538,2017-01-05,8.31
539,2017-01-04,8.38
540,2017-01-03,8.35
541,2016-12-30,8.38
542,2016-12-29,8.36
543,2016-12-28,8.37
544,2016-12-27,8.45
545,2016-12-26,8.5
546,2016-12-24,8.51
547,2016-12-23,8.51
548,2016-12-22,8.48
549,2016-12-21,8.51
550,2016-12-20,8.5
551,2016-12-19,8.51
552,2016-12-16,8.51
553,2016-12-15,8.55
554,2016-12-14,8.41
555,2016-12-13,8.47
556,2016-12-12,8.48
557,2016-12-10,8.55
558,2016-12-09,8.55
559,2016-12-08,8.58
560,2016-12-07,8.62
561,2016-12-06,8.69
562,2016-12-05,8.73
563,2016-12-02,8.77
564,2016-12-01,8.76
565,2016-11-30,8.81
566,2016-11-29,8.89
567,2016-11-28,8.84
568,2016-11-25,8.87
569,2016-11-24,8.8
570,2016-11-23,8.82
571,2016-11-22,8.7
572,2016-11-21,8.71
573,2016-11-18,8.73
574,2016-11-17,8.77
575,2016-11-16,8.82
576,2016-11-15,8.78
577,2016-11-14,8.95
578,2016-11-11,8.9
579,2016-11-10,8.71
580,2016-11-09,8.49
581,2016-11-08,8.47
582,2016-11-07,8.48
583,2016-11-05,8.62
584,2016-11-03,8.62
585,2016-11-02,8.65
586,2016-11-01,8.58
587,2016-10-31,8.58
588,2016-10-28,8.58
589,2016-10-27,8.52
590,2016-10-26,8.44
591,2016-10-25,8.39
592,2016-10-24,8.35
593,2016-10-21,8.36
594,2016-10-20,8.42
595,2016-10-19,8.43
596,2016-10-18,8.54
597,2016-10-17,8.54
598,2016-10-15,8.35
599,2016-10-14,8.35
600,2016-10-13,8.38
601,2016-10-12,8.38
602,2016-10-11,8.33
603,2016-10-10,8.27
604,2016-10-07,8.24
605,2016-10-06,8.2
606,2016-10-05,8.18
607,2016-10-04,8.13
608,2016-10-03,8.09
609,2016-09-30,8.16
610,2016-09-29,8.16
611,2016-09-28,8.22
612,2016-09-27,8.24
613,2016-09-26,8.23
614,2016-09-25,8.2
615,2016-09-24,8.2
616,2016-09-23,8.2
617,2016-09-22,8.14
618,2016-09-21,8.17
619,2016-09-20,8.31
620,2016-09-19,8.28
621,2016-09-17,8.23
622,2016-09-16,8.23
623,2016-09-15,8.12
624,2016-09-14,8.11
625,2016-09-13,8.11
626,2016-09-12,8.09
627,2016-09-09,8.09
628,2016-09-08,7.94
629,2016-09-07,8.03
630,2016-09-06,8.08
631,2016-09-05,8.15
632,2016-09-02,8.15
633,2016-09-01,8.23
634,2016-08-31,8.23
635,2016-08-30,8.26
636,2016-08-29,8.29
637,2016-08-26,8.28
638,2016-08-25,8.31
639,2016-08-24,8.36
640,2016-08-23,8.3
641,2016-08-22,8.35
642,2016-08-19,8.33
643,2016-08-18,8.33
644,2016-08-17,8.38
645,2016-08-16,8.33
646,2016-08-15,8.33
647,2016-08-14,8.38
648,2016-08-13,8.38
649,2016-08-12,8.38
650,2016-08-11,8.29
651,2016-08-10,8.31
652,2016-08-09,8.32
653,2016-08-08,8.35
654,2016-08-06,8.45
655,2016-08-05,8.45
656,2016-08-04,8.5
657,2016-08-03,8.51
658,2016-08-02,8.53
659,2016-08-01,8.47
660,2016-07-29,8.41
661,2016-07-28,8.57
662,2016-07-27,8.66
663,2016-07-26,8.67
664,2016-07-25,8.67
665,2016-07-22,8.64
666,2016-07-21,8.56
667,2016-07-20,8.54
668,2016-07-19,8.52
669,2016-07-18,8.5
670,2016-07-15,8.44
671,2016-07-14,8.42
672,2016-07-13,8.43
673,2016-07-12,8.37
674,2016-07-11,8.37
675,2016-07-08,8.42
676,2016-07-07,8.4
677,2016-07-06,8.4
678,2016-07-05,8.39
679,2016-07-04,8.28
680,2016-07-01,8.23
681,2016-06-30,8.31
682,2016-06-29,8.43
683,2016-06-28,8.49
684,2016-06-27,8.55
685,2016-06-24,8.65
686,2016-06-23,8.59
687,2016-06-22,8.61
688,2016-06-21,8.63
689,2016-06-20,8.64
690,2016-06-17,8.7
691,2016-06-16,8.76
692,2016-06-15,8.69
693,2016-06-14,8.74
694,2016-06-13,8.62
695,2016-06-10,8.63
696,2016-06-09,8.68
697,2016-06-08,8.64
698,2016-06-07,8.68
699,2016-06-06,8.7
700,2016-06-03,8.87
701,2016-06-02,8.99
702,2016-06-01,8.97
703,2016-05-31,8.88
704,2016-05-30,8.88
705,2016-05-27,8.88
706,2016-05-26,8.87
707,2016-05-25,8.85
708,2016-05-24,8.87
709,2016-05-23,8.87
710,2016-05-20,8.86
711,2016-05-19,8.93
712,2016-05-18,8.85
713,2016-05-17,8.79
714,2016-05-16,8.82
715,2016-05-13,8.79
716,2016-05-12,8.82
717,2016-05-11,8.85
718,2016-05-10,8.97
719,2016-05-09,8.94
720,2016-05-06,8.94
721,2016-05-05,8.98
722,2016-05-04,9.0
723,2016-05-03,8.86
724,2016-05-02,8.86
725,2016-04-29,8.88
726,2016-04-28,9.08
727,2016-04-27,9.21
728,2016-04-26,9.25
729,2016-04-25,9.25
730,2016-04-22,9.19
731,2016-04-21,9.17
732,2016-04-20,9.15
733,2016-04-19,9.18
734,2016-04-18,9.27
735,2016-04-15,9.27
736,2016-04-14,9.24
737,2016-04-13,9.24
738,2016-04-12,9.19
739,2016-04-11,9.24
740,2016-04-08,9.26
741,2016-04-07,9.34
742,2016-04-06,9.19
743,2016-04-05,9.24
744,2016-04-04,9.19
745,2016-04-01,9.16
746,2016-03-31,9.1
747,2016-03-30,9.14
748,2016-03-29,9.27
749,2016-03-28,9.17
750,2016-03-25,9.21
751,2016-03-24,9.3
752,2016-03-23,9.24
753,2016-03-22,9.06
754,2016-03-21,9.08
755,2016-03-18,9.05
756,2016-03-17,9.14
757,2016-03-16,9.49
758,2016-03-15,9.55
759,2016-03-14,9.48
760,2016-03-11,9.4
761,2016-03-10,9.34
762,2016-03-09,9.27
763,2016-03-08,9.29
764,2016-03-07,9.29
765,2016-03-04,9.29
766,2016-03-03,9.37
767,2016-03-02,9.43
768,2016-03-01,9.43
769,2016-02-29,9.68
770,2016-02-26,9.75
771,2016-02-25,9.82
772,2016-02-24,9.97
773,2016-02-22,10.06
774,2016-02-20,10.0
775,2016-02-19,10.08
776,2016-02-18,10.05
777,2016-02-17,10.21
778,2016-02-16,10.32
779,2016-02-15,10.27
780,2016-02-14,10.39
781,2016-02-12,10.39
782,2016-02-11,10.44
783,2016-02-10,10.41
784,2016-02-09,10.48
785,2016-02-08,10.37
786,2016-02-05,10.32
787,2016-02-04,10.24
788,2016-02-03,10.37
789,2016-02-02,10.51
790,2016-02-01,10.4
791,2016-01-29,10.3
792,2016-01-28,10.19
793,2016-01-27,10.41
794,2016-01-26,10.58
795,2016-01-25,10.64
796,2016-01-22,10.61
797,2016-01-21,10.98
798,2016-01-20,11.0
799,2016-01-19,10.61
800,2016-01-18,10.75
801,2016-01-15,10.67
802,2016-01-14,10.47
803,2016-01-13,10.45
804,2016-01-12,10.41
805,2016-01-11,10.3
806,2016-01-10,9.92
807,2016-01-08,9.92
808,2016-01-07,9.82
809,2016-01-06,9.83
810,2016-01-05,9.74
811,2016-01-04,9.72
812,2015-12-31,9.74
813,2015-12-30,9.74
814,2015-12-29,9.8
815,2015-12-28,9.83
816,2015-12-25,9.9
817,2015-12-24,9.87
818,2015-12-23,10.03
819,2015-12-22,9.96
820,2015-12-21,9.94
821,2015-12-18,9.92
822,2015-12-17,9.99
823,2015-12-16,10.0
824,2015-12-15,10.06
825,2015-12-14,10.07
826,2015-12-11,9.94
827,2015-12-10,9.9
828,2015-12-09,9.93
829,2015-12-08,9.99
830,2015-12-07,9.96
831,2015-12-04,9.85
832,2015-12-03,9.88
833,2015-12-02,9.78
834,2015-12-01,9.8
835,2015-11-30,9.85
836,2015-11-27,9.85
837,2015-11-26,9.86
838,2015-11-25,9.91
839,2015-11-24,9.93
840,2015-11-23,9.76
841,2015-11-22,9.59
842,2015-11-20,9.59
843,2015-11-19,9.53
844,2015-11-18,9.77
845,2015-11-17,9.87
846,2015-11-16,9.94
847,2015-11-13,9.94
848,2015-11-12,9.82
849,2015-11-11,9.65
850,2015-11-10,9.71
851,2015-11-09,9.8
852,2015-11-06,9.8
853,2015-11-05,9.68
854,2015-11-04,9.77
855,2015-11-03,9.76
856,2015-11-02,10.06
857,2015-10-30,10.05
858,2015-10-29,10.1
859,2015-10-28,10.02
860,2015-10-27,10.12
861,2015-10-26,10.02
862,2015-10-23,10.06
863,2015-10-22,10.09
864,2015-10-21,10.2
865,2015-10-20,10.18
866,2015-10-19,10.15
867,2015-10-18,10.11
868,2015-10-16,10.11
869,2015-10-15,10.37
870,2015-10-14,10.46
871,2015-10-13,10.55
872,2015-10-12,10.56
873,2015-10-09,10.43
874,2015-10-08,10.5
875,2015-10-07,10.52
876,2015-10-06,10.6
877,2015-10-05,10.88
878,2015-10-03,11.2
879,2015-10-02,11.2
880,2015-10-01,11.14
881,2015-09-30,11.22
882,2015-09-29,11.29
883,2015-09-28,11.35
884,2015-09-27,11.31
885,2015-09-25,11.31
886,2015-09-24,11.41
887,2015-09-23,11.24
888,2015-09-22,11.34
889,2015-09-21,11.28
890,2015-09-18,11.38
891,2015-09-17,11.37
892,2015-09-16,11.37
893,2015-09-15,11.44
894,2015-09-14,11.59
895,2015-09-11,11.61
896,2015-09-10,11.61
897,2015-09-09,11.68
898,2015-09-08,11.73
899,2015-09-07,11.88
900,2015-09-06,11.75
901,2015-09-05,11.75
902,2015-09-04,11.75
903,2015-09-03,11.7
904,2015-09-02,11.94
905,2015-09-01,11.69
906,2015-08-31,11.79
907,2015-08-28,11.72
908,2015-08-27,11.69
909,2015-08-26,11.91
910,2015-08-25,11.93
911,2015-08-24,12.24
912,2015-08-21,11.95
913,2015-08-20,11.52
914,2015-08-19,11.2
915,2015-08-18,11.16
916,2015-08-17,11.16
917,2015-08-15,11.13
918,2015-08-14,11.15
919,2015-08-13,11.08
920,2015-08-12,11.1
921,2015-08-11,11.1
922,2015-08-10,11.12
923,2015-08-07,11.12
924,2015-08-06,11.12
925,2015-08-05,10.96
926,2015-08-04,10.96
927,2015-08-03,11.04
928,2015-07-31,10.91
929,2015-07-30,10.84
930,2015-07-29,10.73
931,2015-07-28,11.06
932,2015-07-27,11.18
933,2015-07-24,10.81
934,2015-07-23,10.71
935,2015-07-22,10.66
936,2015-07-21,10.63
937,2015-07-20,10.58
938,2015-07-18,10.45
939,2015-07-17,10.45
940,2015-07-16,10.51
941,2015-07-15,10.82
942,2015-07-14,10.89
943,2015-07-13,11.0
944,2015-07-10,11.02
945,2015-07-09,11.12
946,2015-07-08,11.27
947,2015-07-07,11.27
948,2015-07-06,11.13
949,2015-07-03,11.07
950,2015-07-02,11.09
951,2015-07-01,11.08
952,2015-06-30,11.08
953,2015-06-29,11.17
954,2015-06-26,11.14
955,2015-06-25,11.07
956,2015-06-24,11.01
957,2015-06-23,10.98
958,2015-06-22,11.03
959,2015-06-19,11.13
960,2015-06-18,11.11
961,2015-06-17,11.14
962,2015-06-16,11.09
963,2015-06-15,10.9
964,2015-06-11,10.83
965,2015-06-10,10.72
966,2015-06-09,10.96
967,2015-06-08,11.06
968,2015-06-07,11.17
969,2015-06-05,11.17
970,2015-06-04,11.12
971,2015-06-03,10.78
972,2015-06-02,10.65
973,2015-06-01,10.72
974,2015-05-30,10.7
975,2015-05-29,10.7
976,2015-05-28,10.78
977,2015-05-27,10.67
978,2015-05-26,10.61
979,2015-05-25,10.56
980,2015-05-22,10.49
981,2015-05-21,10.5
982,2015-05-20,10.72
983,2015-05-19,10.68
984,2015-05-18,10.59
985,2015-05-15,10.87
986,2015-05-14,10.66
987,2015-05-13,10.63
988,2015-05-12,10.79
989,2015-05-08,10.63
990,2015-05-07,10.54
991,2015-05-06,10.28
992,2015-05-05,10.69
993,2015-05-01,10.71
994,2015-04-30,10.71
995,2015-04-29,11.21
996,2015-04-28,11.2
997,2015-04-27,11.2
998,2015-04-24,11.03
999,2015-04-23,11.13
1000,2015-04-22,11.15
1001,2015-04-21,11.14
1002,2015-04-20,11.0
1003,2015-04-17,10.97
1004,2015-04-16,10.56
1005,2015-04-15,10.57
1006,2015-04-14,10.96
1007,2015-04-13,10.98
1008,2015-04-10,11.07
1009,2015-04-09,11.25
1010,2015-04-08,11.71
1011,2015-04-07,11.76
1012,2015-04-06,11.64
1013,2015-04-03,11.81
1014,2015-04-02,11.86
1015,2015-04-01,11.82
1016,2015-03-31,12.12
1017,2015-03-30,11.9
1018,2015-03-27,11.98
1019,2015-03-26,11.93
1020,2015-03-25,12.18
1021,2015-03-24,12.8
1022,2015-03-23,12.81
1023,2015-03-20,12.92
1024,2015-03-19,13.13
1025,2015-03-18,13.38
1026,2015-03-17,13.46
1027,2015-03-16,13.37
1028,2015-03-13,13.11
1029,2015-03-12,12.95
1030,2015-03-11,13.08
1031,2015-03-10,13.34
1032,2015-03-06,13.0
1033,2015-03-05,13.1
1034,2015-03-04,13.42
1035,2015-03-03,13.63
1036,2015-03-02,13.68
1037,2015-02-27,13.41
1038,2015-02-26,13.22
1039,2015-02-25,13.22
1040,2015-02-24,13.24
1041,2015-02-20,12.57
1042,2015-02-19,12.57
1043,2015-02-18,12.12
1044,2015-02-17,12.12
1045,2015-02-16,12.13
1046,2015-02-13,12.27
1047,2015-02-12,12.76
1048,2015-02-11,12.93
1049,2015-02-10,12.75
1050,2015-02-09,12.8
1051,2015-02-06,12.93
1052,2015-02-05,12.83
1053,2015-02-04,13.3
1054,2015-02-03,13.12
1055,2015-02-02,13.65
1056,2015-02-01,13.91
1057,2015-01-30,13.91
1058,2015-01-29,14.35
1059,2015-01-28,14.26
1060,2015-01-27,14.4
1061,2015-01-26,14.26
1062,2015-01-23,13.84
1063,2015-01-22,13.91
1064,2015-01-21,14.14
1065,2015-01-20,14.24
1066,2015-01-19,14.18
1067,2015-01-16,14.39
1068,2015-01-15,14.68
1069,2015-01-14,15.42
1070,2015-01-13,16.05
1071,2015-01-12,15.26
1072,2015-01-09,14.09
1073,2015-01-08,14.09
1074,2015-01-06,14.09
1075,2015-01-05,14.02
1076,2015-01-02,14.02
1077,2014-12-30,14.09
1078,2014-12-29,13.82
1079,2014-12-28,13.79
1080,2014-12-26,13.79
1081,2014-12-25,13.79
1082,2014-12-24,13.57
1083,2014-12-23,13.19
1084,2014-12-22,13.12
1085,2014-12-19,13.51
1086,2014-12-18,13.51
1087,2014-12-17,13.5
1088,2014-12-16,16.24
1089,2014-12-15,13.2
1090,2014-12-14,12.99
1091,2014-12-12,12.99
1092,2014-12-11,12.4
1093,2014-12-10,12.6
1094,2014-12-09,12.92
1095,2014-12-08,12.84
1096,2014-12-05,12.03
1097,2014-12-04,11.32
1098,2014-12-03,11.04
1099,2014-12-02,10.74
1100,2014-12-01,10.69
1101,2014-11-30,10.61
1102,2014-11-28,10.61
1103,2014-11-27,10.52
1104,2014-11-26,10.41
1105,2014-11-25,10.32
1106,2014-11-24,10.19
1107,2014-11-21,10.21
1108,2014-11-20,10.25
1109,2014-11-19,10.28
1110,2014-11-18,10.31
1111,2014-11-17,10.32
1112,2014-11-16,10.27
1113,2014-11-14,10.27
1114,2014-11-13,10.24
1115,2014-11-12,10.12
1116,2014-11-11,10.11
1117,2014-11-10,10.01
1118,2014-11-07,10.19
1119,2014-11-06,10.15
1120,2014-11-05,10.05
1121,2014-11-03,10.07
1122,2014-10-31,9.99
1123,2014-10-30,9.83
1124,2014-10-29,10.22
1125,2014-10-28,10.03
1126,2014-10-27,9.99
1127,2014-10-24,9.85
1128,2014-10-23,9.92
1129,2014-10-22,9.76
1130,2014-10-21,9.76
1131,2014-10-20,9.83
1132,2014-10-17,9.9
1133,2014-10-16,9.93
1134,2014-10-15,9.84
1135,2014-10-14,9.87
1136,2014-10-13,9.87
1137,2014-10-10,9.77
1138,2014-10-09,9.7
1139,2014-10-08,9.65
1140,2014-10-07,9.57
1141,2014-10-06,9.59
1142,2014-10-03,9.57
1143,2014-10-02,9.4
1144,2014-10-01,9.42
1145,2014-09-30,9.4
1146,2014-09-29,9.44
1147,2014-09-27,9.44
1148,2014-09-26,9.44
1149,2014-09-25,9.29
1150,2014-09-24,9.32
1151,2014-09-23,9.48
1152,2014-09-22,9.54
1153,2014-09-19,9.57
1154,2014-09-18,9.57
1155,2014-09-17,9.6
1156,2014-09-16,9.66
1157,2014-09-15,9.76
1158,2014-09-13,9.79
1159,2014-09-12,9.79
1160,2014-09-11,9.73
1161,2014-09-10,9.64
1162,2014-09-09,9.54
1163,2014-09-08,9.52
1164,2014-09-05,9.45
1165,2014-09-04,9.47
1166,2014-09-03,9.45
1167,2014-09-02,9.9
1168,2014-09-01,9.79
1169,2014-08-31,9.74
1170,2014-08-29,9.74
1171,2014-08-28,9.65
1172,2014-08-27,9.31
1173,2014-08-26,9.25
1174,2014-08-25,9.32
1175,2014-08-22,9.33
1176,2014-08-21,9.23
1177,2014-08-20,9.28
1178,2014-08-19,9.24
1179,2014-08-18,9.23
1180,2014-08-15,9.22
1181,2014-08-14,9.29
1182,2014-08-13,9.37
1183,2014-08-12,9.38
1184,2014-08-11,9.48
1185,2014-08-10,9.85
1186,2014-08-08,9.85
1187,2014-08-07,9.84
1188,2014-08-06,9.84
1189,2014-08-05,9.7
1190,2014-08-04,9.7
1191,2014-08-02,9.62
1192,2014-08-01,9.62
1193,2014-07-31,9.51
1194,2014-07-30,9.46
1195,2014-07-29,9.49
1196,2014-07-28,9.29
1197,2014-07-27,9.21
1198,2014-07-25,9.21
1199,2014-07-24,9.05
1200,2014-07-23,9.03
1201,2014-07-22,9.03
1202,2014-07-21,9.16
1203,2014-07-20,8.97
1204,2014-07-18,8.97
1205,2014-07-17,9.01
1206,2014-07-16,8.68
1207,2014-07-15,8.58
1208,2014-07-14,8.6
1209,2014-07-12,8.58
1210,2014-07-11,8.58
1211,2014-07-10,8.52
1212,2014-07-09,8.43
1213,2014-07-08,8.44
1214,2014-07-07,8.47
1215,2014-07-04,8.4
1216,2014-07-03,8.4
1217,2014-07-02,8.42
1218,2014-07-01,8.45
1219,2014-06-30,8.33
1220,2014-06-27,8.43
1221,2014-06-26,8.36
1222,2014-06-25,8.4
1223,2014-06-24,8.43
1224,2014-06-23,8.48
1225,2014-06-20,8.52
1226,2014-06-19,8.52
1227,2014-06-18,8.63
1228,2014-06-17,8.63
1229,2014-06-16,8.55
1230,2014-06-11,8.43
1231,2014-06-10,8.43
1232,2014-06-09,8.38
1233,2014-06-06,8.35
1234,2014-06-05,8.47
1235,2014-06-04,8.57
1236,2014-06-03,8.62
1237,2014-06-02,8.55
1238,2014-05-30,8.6
1239,2014-05-29,8.65
1240,2014-05-28,8.86
1241,2014-05-27,8.82
1242,2014-05-26,8.6
1243,2014-05-25,8.7
1244,2014-05-23,8.7
1245,2014-05-22,8.77
1246,2014-05-21,8.77
1247,2014-05-20,8.88
1248,2014-05-19,8.95
1249,2014-05-16,8.97
1250,2014-05-15,8.94
1251,2014-05-14,8.95
1252,2014-05-13,8.97
1253,2014-05-12,9.04
1254,2014-05-08,9.05
1255,2014-05-07,9.13
1256,2014-05-06,9.37
1257,2014-05-05,9.54
1258,2014-05-04,9.47
1259,2014-04-30,9.47
1260,2014-04-29,9.49
1261,2014-04-28,9.53
1262,2014-04-25,9.63
1263,2014-04-24,9.25
1264,2014-04-23,9.17
1265,2014-04-22,9.19
1266,2014-04-21,9.02
1267,2014-04-18,8.99
1268,2014-04-17,9.12
1269,2014-04-16,9.15
1270,2014-04-15,9.12
1271,2014-04-14,9.08
1272,2014-04-11,8.93
1273,2014-04-10,8.87
1274,2014-04-09,8.92
1275,2014-04-08,8.86
1276,2014-04-07,8.98
1277,2014-04-04,8.81
1278,2014-04-03,8.93
1279,2014-04-02,8.97
1280,2014-04-01,8.86
1281,2014-03-31,8.93
1282,2014-03-28,9.17
1283,2014-03-27,9.18
1284,2014-03-26,9.06
1285,2014-03-25,9.17
1286,2014-03-24,9.35
1287,2014-03-21,9.48
1288,2014-03-20,9.31
1289,2014-03-19,9.23
1290,2014-03-18,9.29
1291,2014-03-17,9.57
1292,2014-03-14,9.42
1293,2014-03-13,9.42
1294,2014-03-12,9.25
1295,2014-03-11,8.93
1296,2014-03-09,8.7
1297,2014-03-07,8.7
1298,2014-03-06,8.75
1299,2014-03-05,8.57
1300,2014-03-04,8.66
1301,2014-03-03,8.87
1302,2014-03-01,8.33
1303,2014-02-28,8.33
1304,2014-02-27,8.39
1305,2014-02-26,8.37
1306,2014-02-25,8.24
1307,2014-02-24,8.26
1308,2014-02-22,8.33
1309,2014-02-21,8.35
1310,2014-02-20,8.4
1311,2014-02-19,8.36
1312,2014-02-18,8.19
1313,2014-02-17,8.17
1314,2014-02-15,8.16
1315,2014-02-14,8.16
1316,2014-02-13,8.14
1317,2014-02-12,8.06
1318,2014-02-11,8.1
1319,2014-02-10,8.03
1320,2014-02-08,8.03
1321,2014-02-07,7.99
1322,2014-02-06,8.05
1323,2014-02-05,8.04
1324,2014-02-04,8.17
1325,2014-02-03,8.23
1326,2014-01-31,8.39
1327,2014-01-30,8.37
1328,2014-01-29,8.37
1329,2014-01-28,8.04
1330,2014-01-27,8.12
1331,2014-01-25,8.04
1332,2014-01-24,8.04
1333,2014-01-23,7.9
1334,2014-01-22,7.88
1335,2014-01-21,7.87
1336,2014-01-20,7.86
1337,2014-01-17,7.81
1338,2014-01-16,7.84
1339,2014-01-15,7.79
1340,2014-01-14,7.77
1341,2014-01-13,7.76
1342,2014-01-10,7.75
1343,2014-01-09,7.75
1344,2013-12-31,7.71
1345,2013-12-30,7.71
1346,2013-12-27,7.7
1347,2013-12-26,7.69
1348,2013-12-25,7.73
1349,2013-12-24,7.7
1350,2013-12-23,7.71
1351,2013-12-20,7.72
1352,2013-12-19,7.7
1353,2013-12-18,7.73
1354,2013-12-17,7.72
1355,2013-12-16,7.72
1356,2013-12-14,7.72
1357,2013-12-13,7.72
1358,2013-12-12,7.73
1359,2013-12-11,7.68
1360,2013-12-10,7.69
1361,2013-12-09,7.67
1362,2013-12-07,7.79
1363,2013-12-06,7.76
1364,2013-12-05,7.8
1365,2013-12-04,7.84
1366,2013-12-03,7.84
1367,2013-12-02,7.84
1368,2013-11-29,7.81
1369,2013-11-28,7.82
1370,2013-11-27,7.76
1371,2013-11-26,7.67
1372,2013-11-25,7.66
1373,2013-11-23,7.61
1374,2013-11-22,7.63
1375,2013-11-21,7.66
1376,2013-11-20,7.59
1377,2013-11-19,7.56
1378,2013-11-18,7.56
1379,2013-11-17,7.54
1380,2013-11-15,7.54
1381,2013-11-14,7.58
1382,2013-11-13,7.59
1383,2013-11-12,7.58
1384,2013-11-11,7.47
1385,2013-11-08,7.43
1386,2013-11-07,7.3
1387,2013-11-06,7.31
1388,2013-11-05,7.27
1389,2013-11-04,7.25
1390,2013-11-03,7.25
1391,2013-11-02,7.25
1392,2013-11-01,7.25
1393,2013-10-31,7.15
1394,2013-10-30,7.16
1395,2013-10-29,7.21
1396,2013-10-28,7.17
1397,2013-10-27,7.2
1398,2013-10-26,7.2
1399,2013-10-25,7.2
1400,2013-10-24,7.17
1401,2013-10-23,7.17
1402,2013-10-22,7.17
1403,2013-10-21,7.24
1404,2013-10-19,7.21
1405,2013-10-18,7.21
1406,2013-10-17,7.29
1407,2013-10-16,7.32
1408,2013-10-15,7.36
1409,2013-10-14,7.31
1410,2013-10-11,7.3
1411,2013-10-10,7.34
1412,2013-10-09,7.29
1413,2013-10-08,7.27
1414,2013-10-07,7.27
1415,2013-10-04,7.26
1416,2013-10-03,7.26
1417,2013-10-02,7.31
1418,2013-10-01,7.32
1419,2013-09-30,7.31
1420,2013-09-29,7.27
1421,2013-09-27,7.27
1422,2013-09-26,7.25
1423,2013-09-25,7.24
1424,2013-09-24,7.24
1425,2013-09-23,7.24
1426,2013-09-22,7.16
1427,2013-09-20,7.16
1428,2013-09-19,7.15
1429,2013-09-18,7.36
1430,2013-09-17,7.41
1431,2013-09-16,7.3
1432,2013-09-15,7.34
1433,2013-09-13,7.34
1434,2013-09-12,7.39
1435,2013-09-11,7.45
1436,2013-09-10,7.68
1437,2013-09-09,7.71
1438,2013-09-08,7.69
1439,2013-09-07,7.69
1440,2013-09-06,7.69
1441,2013-09-05,7.69
1442,2013-09-04,7.66
1443,2013-09-03,7.68
1444,2013-09-02,7.71
1445,2013-09-01,7.71
1446,2013-08-30,7.71
1447,2013-08-29,7.75
1448,2013-08-28,7.8
1449,2013-08-27,7.76
1450,2013-08-26,7.63
1451,2013-08-23,7.68
1452,2013-08-22,7.75
1453,2013-08-21,7.62
1454,2013-08-20,7.52
1455,2013-08-19,7.45
1456,2013-08-16,7.41
1457,2013-08-15,7.41
1458,2013-08-14,7.41
1459,2013-08-13,7.41
1460,2013-08-12,7.34
1461,2013-08-11,7.35
1462,2013-08-10,7.35
1463,2013-08-09,7.35
1464,2013-08-08,7.33
1465,2013-08-07,7.37
1466,2013-08-06,7.4
1467,2013-08-05,7.4
1468,2013-08-02,7.38
1469,2013-08-01,7.41
1470,2013-07-31,7.52
1471,2013-07-30,7.47
1472,2013-07-29,7.42
1473,2013-07-27,7.39
1474,2013-07-26,7.39
1475,2013-07-25,7.33
1476,2013-07-24,7.23
1477,2013-07-23,7.2
1478,2013-07-22,7.17
1479,2013-07-20,7.18
1480,2013-07-19,7.18
1481,2013-07-18,7.19
1482,2013-07-17,7.17
1483,2013-07-16,7.2
1484,2013-07-15,7.3
1485,2013-07-13,7.4
1486,2013-07-12,7.4
1487,2013-07-11,7.41
1488,2013-07-10,7.5
1489,2013-07-09,7.39
1490,2013-07-08,7.48
1491,2013-07-05,7.52
1492,2013-07-04,7.41
1493,2013-07-03,7.46
1494,2013-07-02,7.34
1495,2013-07-01,7.47
1496,2013-06-28,7.62
1497,2013-06-27,7.7
1498,2013-06-26,7.98
1499,2013-06-25,8.0
1500,2013-06-24,7.96
1501,2013-06-23,7.78
1502,2013-06-22,7.78
1503,2013-06-21,7.78
1504,2013-06-20,7.66
1505,2013-06-19,7.51
1506,2013-06-18,7.46
1507,2013-06-17,7.34
1508,2013-06-16,7.53
1509,2013-06-14,7.53
1510,2013-06-13,7.53
1511,2013-06-11,7.7
1512,2013-06-10,7.52
1513,2013-06-08,7.44
1514,2013-06-07,7.44
1515,2013-06-06,7.39
1516,2013-06-05,7.23
1517,2013-06-04,7.21
1518,2013-06-03,7.35
1519,2013-05-31,7.36
1520,2013-05-30,7.27
1521,2013-05-29,7.11
1522,2013-05-28,7.0
1523,2013-05-27,6.98
1524,2013-05-25,6.99
1525,2013-05-24,6.99
1526,2013-05-23,6.99
1527,2013-05-22,6.81
1528,2013-05-21,6.68
1529,2013-05-20,6.65
1530,2013-05-17,6.62
1531,2013-05-16,6.67
1532,2013-05-15,6.66
1533,2013-05-14,6.62
1534,2013-05-13,6.65
1535,2013-05-10,6.46
1536,2013-05-09,6.46
1537,2013-05-08,6.46
1538,2013-05-07,6.47
1539,2013-05-06,6.48
1540,2013-05-01,6.53
1541,2013-04-30,6.53
1542,2013-04-29,6.56
1543,2013-04-28,6.63
1544,2013-04-26,6.63
1545,2013-04-25,6.65
1546,2013-04-24,6.67
1547,2013-04-23,6.69
1548,2013-04-22,6.79
1549,2013-04-19,6.79
1550,2013-04-18,6.86
1551,2013-04-17,6.96
1552,2013-04-16,6.96
1553,2013-04-15,6.92
1554,2013-04-12,6.83
1555,2013-04-11,6.8
1556,2013-04-10,6.78
1557,2013-04-09,6.83
1558,2013-04-08,6.85
1559,2013-04-05,6.96
1560,2013-04-04,7.08
1561,2013-04-03,7.13
1562,2013-04-02,7.13
1563,2013-04-01,6.9
1564,2013-03-29,6.91
1565,2013-03-28,6.88
1566,2013-03-27,6.94
1567,2013-03-26,6.94
1568,2013-03-25,6.94
1569,2013-03-22,6.93
1570,2013-03-21,6.92
1571,2013-03-20,6.92
1572,2013-03-19,6.93
1573,2013-03-18,6.9
1574,2013-03-17,6.83
1575,2013-03-15,6.83
1576,2013-03-14,6.84
1577,2013-03-13,6.76
1578,2013-03-12,6.76
1579,2013-03-11,6.78
1580,2013-03-08,6.72
1581,2013-03-07,6.72
1582,2013-03-06,6.72
1583,2013-03-05,6.71
1584,2013-03-04,6.7
1585,2013-03-01,6.69
1586,2013-02-28,6.69
1587,2013-02-27,6.71
1588,2013-02-26,6.7
1589,2013-02-25,6.7
1590,2013-02-22,6.69
1591,2013-02-21,6.68
1592,2013-02-20,6.61
1593,2013-02-19,6.64
1594,2013-02-18,6.64
1595,2013-02-17,6.6
1596,2013-02-15,6.6
1597,2013-02-14,6.61
1598,2013-02-13,6.57
1599,2013-02-12,6.58
1600,2013-02-11,6.59
1601,2013-02-09,6.59
1602,2013-02-08,6.59
1603,2013-02-07,6.61
1604,2013-02-06,6.65
1605,2013-02-05,6.65
1606,2013-02-04,6.63
1607,2013-02-01,6.6
1608,2013-01-31,6.6
1609,2013-01-30,6.57
1610,2013-01-29,6.54
1611,2013-01-28,6.52
1612,2013-01-25,6.63
1613,2013-01-24,6.56
1614,2013-01-23,6.62
1615,2013-01-22,6.65
1616,2013-01-21,6.63
1617,2013-01-18,6.59
1618,2013-01-17,6.63
1619,2013-01-16,6.68
1620,2013-01-15,6.62
1621,2013-01-14,6.52
1622,2013-01-13,6.64
1623,2013-01-11,6.64
1624,2013-01-10,6.44
1625,2013-01-09,6.61
1626,2013-01-08,6.91
1627,2013-01-03,6.85
1628,2013-01-01,6.85
1629,2012-12-31,6.85
1630,2012-12-30,6.85
1631,2012-12-28,6.85
1632,2012-12-27,6.8
1633,2012-12-26,6.81
1634,2012-12-25,6.81
1635,2012-12-24,6.77
1636,2012-12-23,6.79
1637,2012-12-22,6.79
1638,2012-12-21,6.79
1639,2012-12-20,6.76
1640,2012-12-19,6.74
1641,2012-12-18,6.73
1642,2012-12-17,6.71
1643,2012-12-14,6.68
1644,2012-12-13,6.71
1645,2012-12-12,6.67
1646,2012-12-11,6.69
1647,2012-12-10,6.75
1648,2012-12-07,6.84
1649,2012-12-06,6.87
1650,2012-12-05,6.87
1651,2012-12-04,6.82
1652,2012-12-03,6.84
1653,2012-11-30,6.93
1654,2012-11-29,6.97
1655,2012-11-28,7.08
1656,2012-11-27,7.06
1657,2012-11-26,7.05
1658,2012-11-23,7.06
1659,2012-11-22,7.05
1660,2012-11-21,7.07
1661,2012-11-20,7.23
1662,2012-11-19,7.3
1663,2012-11-16,7.38
1664,2012-11-15,7.38
1665,2012-11-14,7.4
1666,2012-11-13,7.38
1667,2012-11-12,7.39
1668,2012-11-09,7.378
1669,2012-11-08,7.379
1670,2012-11-07,7.387
1671,2012-11-06,7.387
1672,2012-11-03,7.429
1673,2012-11-02,7.429
1674,2012-11-01,7.404
1675,2012-10-31,7.405
1676,2012-10-30,7.429
1677,2012-10-29,7.428
1678,2012-10-26,7.462
1679,2012-10-25,7.39
1680,2012-10-24,7.447
1681,2012-10-23,7.446
1682,2012-10-22,7.292
1683,2012-10-19,7.333
1684,2012-10-18,7.365
1685,2012-10-17,7.365
1686,2012-10-16,7.414
1687,2012-10-15,7.488
1688,2012-10-12,7.745
1689,2012-10-11,7.578
1690,2012-10-10,7.628
1691,2012-10-09,7.653
1692,2012-10-08,7.676
1693,2012-10-05,7.711
1694,2012-10-04,7.761
1695,2012-10-03,7.795
1696,2012-10-02,7.795
1697,2012-10-01,7.879
1698,2012-09-28,7.761
1699,2012-09-27,7.786
1700,2012-09-26,7.836
1701,2012-09-25,7.828
1702,2012-09-24,7.803
1703,2012-09-23,7.761
1704,2012-09-22,7.761
1705,2012-09-21,7.761
1706,2012-09-20,7.786
1707,2012-09-19,7.828
1708,2012-09-18,7.76
1709,2012-09-17,7.777
1710,2012-09-14,7.744
1711,2012-09-13,7.785
1712,2012-09-12,7.792
1713,2012-09-11,7.76
1714,2012-09-10,7.917
1715,2012-09-07,7.777
1716,2012-09-06,7.793
1717,2012-09-05,7.81
1718,2012-09-04,7.827
1719,2012-09-03,7.827
1720,2012-08-31,7.86
1721,2012-08-30,7.869
1722,2012-08-29,7.86
1723,2012-08-28,7.885
1724,2012-08-27,7.857
1725,2012-08-24,7.86
1726,2012-08-23,7.885
1727,2012-08-22,7.86
1728,2012-08-21,7.826
1729,2012-08-20,7.86
1730,2012-08-17,7.859
1731,2012-08-16,7.859
1732,2012-08-15,7.868
1733,2012-08-14,7.826
1734,2012-08-13,7.992
1735,2012-08-10,7.859
1736,2012-08-09,7.867
1737,2012-08-08,7.826
1738,2012-08-07,7.784
1739,2012-08-06,7.842
1740,2012-08-05,7.884
1741,2012-08-03,7.884
1742,2012-08-02,7.909
1743,2012-08-01,7.867
1744,2012-07-31,7.976
1745,2012-07-30,7.892
1746,2012-07-27,7.876
1747,2012-07-26,7.951
1748,2012-07-25,8.094
1749,2012-07-24,8.077
1750,2012-07-23,8.111
1751,2012-07-20,7.959
1752,2012-07-19,7.8
1753,2012-07-18,7.817
1754,2012-07-17,7.817
1755,2012-07-16,7.942
1756,2012-07-13,7.958
1757,2012-07-12,8.11
1758,2012-07-11,8.161
1759,2012-07-10,8.198
1760,2012-07-09,8.242
1761,2012-07-08,8.225
1762,2012-07-07,8.225
1763,2012-07-06,8.225
1764,2012-07-05,8.237
1765,2012-07-04,8.22
1766,2012-07-03,8.259
1767,2012-07-02,8.322
1768,2012-07-01,8.46
1769,2012-06-29,8.46
1770,2012-06-28,8.601
1771,2012-06-27,8.582
1772,2012-06-26,8.617
1773,2012-06-25,8.652
1774,2012-06-22,8.643
1775,2012-06-21,8.581
1776,2012-06-20,8.59
1777,2012-06-19,8.555
1778,2012-06-18,8.554
1779,2012-06-15,8.554
1780,2012-06-14,8.641
1781,2012-06-13,8.632
1782,2012-06-09,8.519
1783,2012-06-08,8.553
1784,2012-06-07,8.414
1785,2012-06-06,8.481
1786,2012-06-05,8.701
1787,2012-06-04,8.701
1788,2012-06-01,8.701
1789,2012-05-31,8.706
1790,2012-05-30,8.604
1791,2012-05-29,8.474
1792,2012-05-28,8.543
1793,2012-05-25,8.56
1794,2012-05-24,8.516
1795,2012-05-23,8.586
1796,2012-05-22,8.378
1797,2012-05-21,8.533
1798,2012-05-18,8.486
1799,2012-05-17,8.412
1800,2012-05-16,8.259
1801,2012-05-15,8.183
1802,2012-05-14,8.149
1803,2012-05-12,8.03
1804,2012-05-11,8.04
1805,2012-05-10,8.014
1806,2012-05-08,8.233
1807,2012-05-07,8.073
1808,2012-05-06,7.99
1809,2012-05-05,7.99
1810,2012-05-04,7.991
1811,2012-05-03,7.951
1812,2012-05-02,7.958
1813,2012-04-28,7.971
1814,2012-04-27,7.991
1815,2012-04-26,7.999
1816,2012-04-25,7.989
1817,2012-04-24,7.996
1818,2012-04-23,7.997
1819,2012-04-20,7.908
1820,2012-04-19,7.964
1821,2012-04-18,7.973
1822,2012-04-17,7.94
1823,2012-04-16,8.021
1824,2012-04-13,7.997
1825,2012-04-12,7.973
1826,2012-04-11,7.981
1827,2012-04-10,8.013
1828,2012-04-09,7.94
1829,2012-04-08,7.897
1830,2012-04-06,7.897
1831,2012-04-05,7.89
1832,2012-04-04,7.866
1833,2012-04-03,7.801
1834,2012-04-02,7.814
1835,2012-03-30,7.825
1836,2012-03-29,7.841
1837,2012-03-28,7.856
1838,2012-03-27,7.841
1839,2012-03-26,7.825
1840,2012-03-23,7.841
1841,2012-03-22,7.873
1842,2012-03-21,7.816
1843,2012-03-20,7.832
1844,2012-03-19,7.816
1845,2012-03-17,7.768
1846,2012-03-16,7.768
1847,2012-03-15,7.76
1848,2012-03-14,7.767
1849,2012-03-13,7.79
1850,2012-03-12,7.864
1851,2012-03-11,7.872
1852,2012-03-07,7.904
1853,2012-03-02,9.326
1854,2012-03-01,7.871
1855,2012-02-29,8.018
1856,2012-02-28,8.0
1857,2012-02-27,7.904
1858,2012-02-24,7.92
1859,2012-02-22,7.944
1860,2012-02-21,7.968
1861,2012-02-20,7.904
1862,2012-02-19,7.903
1863,2012-02-17,7.903
1864,2012-02-16,7.952
1865,2012-02-15,7.903
1866,2012-02-14,7.927
1867,2012-02-13,7.927
1868,2012-02-10,7.984
1869,2012-02-09,7.903
1870,2012-02-08,7.823
1871,2012-02-07,7.751
1872,2012-02-06,7.895
1873,2012-02-03,7.871
1874,2012-02-02,7.992
1875,2012-02-01,8.147
1876,2012-01-31,8.29
1877,2012-01-30,8.436
1878,2012-01-27,8.395
1879,2012-01-26,8.328
1880,2012-01-25,8.395
1881,2012-01-24,8.538
1882,2012-01-23,8.369
1883,2012-01-20,8.361
1884,2012-01-19,8.444
1885,2012-01-18,8.528
1886,2012-01-17,8.461
1887,2012-01-16,8.477
1888,2012-01-13,8.544
1889,2012-01-12,8.536
1890,2012-01-11,8.561
1891,2012-01-10,8.677
1892,2012-01-09,8.689
1893,2012-01-06,8.688
1894,2012-01-05,8.645
1895,2012-01-04,8.688
1896,2011-12-30,8.5
1897,2011-12-29,8.644
1898,2011-12-28,8.627
1899,2011-12-27,8.601
1900,2011-12-26,8.609
1901,2011-12-23,8.573
1902,2011-12-22,8.592
1903,2011-12-21,8.592
1904,2011-12-20,8.558
1905,2011-12-19,8.592
1906,2011-12-16,8.557
1907,2011-12-15,8.727
1908,2011-12-14,8.574
1909,2011-12-13,8.641
1910,2011-12-12,8.557
1911,2011-12-09,8.555
1912,2011-12-08,8.54
1913,2011-12-07,8.539
1914,2011-12-06,8.538
1915,2011-12-05,8.522
1916,2011-12-02,8.43
1917,2011-12-01,8.438
1918,2011-11-30,8.306
1919,2011-11-29,8.555
1920,2011-11-28,8.555
1921,2011-11-25,8.707
1922,2011-11-24,8.639
1923,2011-11-23,8.639
1924,2011-11-22,8.639
1925,2011-11-21,8.388
1926,2011-11-18,8.638
1927,2011-11-17,8.554
1928,2011-11-16,8.554
1929,2011-11-15,8.462
1930,2011-11-14,8.385
1931,2011-11-11,8.387
1932,2011-11-10,8.428
1933,2011-11-09,8.451
1934,2011-11-08,8.304
1935,2011-11-07,8.428
1936,2011-11-03,8.704
1937,2011-11-02,8.603
1938,2011-11-01,8.721
1939,2011-10-31,8.712
1940,2011-10-28,8.467
1941,2011-10-27,8.51
1942,2011-10-26,8.72
1943,2011-10-25,8.694
1944,2011-10-24,8.702
1945,2011-10-21,8.803
1946,2011-10-20,8.795
1947,2011-10-19,8.742
1948,2011-10-18,8.784
1949,2011-10-17,8.811
1950,2011-10-14,8.852
1951,2011-10-13,8.801
1952,2011-10-12,8.704
1953,2011-10-11,8.886
1954,2011-10-10,8.732
1955,2011-10-07,8.842
1956,2011-10-06,8.85
1957,2011-10-05,9.022
1958,2011-10-04,9.082
1959,2011-10-03,8.883
1960,2011-09-30,8.711
1961,2011-09-29,8.78
1962,2011-09-28,8.797
1963,2011-09-27,8.587
1964,2011-09-26,9.028
1965,2011-09-23,9.268
1966,2011-09-22,8.797
1967,2011-09-21,8.417
1968,2011-09-20,8.543
1969,2011-09-19,8.379
1970,2011-09-16,8.194
1971,2011-09-15,8.136
1972,2011-09-14,8.136
1973,2011-09-13,8.168
1974,2011-09-12,8.176
1975,2011-09-09,8.056
1976,2011-09-08,8.04
1977,2011-09-07,8.056
1978,2011-09-06,8.049
1979,2011-09-05,8.05
1980,2011-09-02,8.05
1981,2011-09-01,7.906
1982,2011-08-31,8.023
1983,2011-08-30,7.932
1984,2011-08-29,7.944
1985,2011-08-26,8.015
1986,2011-08-25,7.976
1987,2011-08-24,7.929
1988,2011-08-23,7.944
1989,2011-08-22,7.944
1990,2011-08-19,8.036
1991,2011-08-18,7.866
1992,2011-08-17,7.819
1993,2011-08-16,7.912
1994,2011-08-15,7.928
1995,2011-08-12,8.069
1996,2011-08-11,7.866
1997,2011-08-10,7.936
1998,2011-08-09,8.069
1999,2011-08-08,7.834
2000,2011-08-05,7.773
2001,2011-08-04,7.689
2002,2011-08-03,7.62
2003,2011-08-02,7.712
2004,2011-08-01,7.704
2005,2011-07-29,7.71
2006,2011-07-28,7.765
2007,2011-07-27,7.757
2008,2011-07-26,7.773
2009,2011-07-25,7.803
2010,2011-07-22,7.826
2011,2011-07-21,7.834
2012,2011-07-20,7.845
2013,2011-07-19,7.849
2014,2011-07-18,7.876
2015,2011-07-15,7.973
2016,2011-07-14,7.918
2017,2011-07-13,7.911
2018,2011-07-12,7.937
2019,2011-07-11,7.999
2020,2011-07-08,8.035
2021,2011-07-07,8.002
2022,2011-07-06,8.024
2023,2011-07-05,8.062
2024,2011-07-04,8.162
2025,2011-07-01,8.087
2026,2011-06-30,8.127
2027,2011-06-29,8.208
2028,2011-06-28,8.271
2029,2011-06-27,8.319
2030,2011-06-24,8.295
2031,2011-06-23,8.301
2032,2011-06-22,8.287
2033,2011-06-21,8.286
2034,2011-06-20,8.302
2035,2011-06-17,8.254
2036,2011-06-16,8.286
2037,2011-06-15,8.222
2038,2011-06-14,8.207
2039,2011-06-10,8.191
2040,2011-06-09,8.197
2041,2011-06-08,8.189
2042,2011-06-07,8.176
2043,2011-06-06,8.182
2044,2011-06-03,8.198
2045,2011-06-02,8.19
2046,2011-06-01,8.174
2047,2011-05-31,8.179
2048,2011-05-30,8.166
2049,2011-05-27,8.088
2050,2011-05-26,8.125
2051,2011-05-25,8.111
2052,2011-05-24,8.072
2053,2011-05-23,8.127
2054,2011-05-20,8.158
2055,2011-05-19,8.06
2056,2011-05-18,8.064
2057,2011-05-17,8.096
2058,2011-05-16,8.103
2059,2011-05-13,8.088
2060,2011-05-12,8.119
2061,2011-05-11,8.049
2062,2011-05-10,8.072
2063,2011-05-06,8.049
2064,2011-04-29,7.734
2065,2011-04-28,7.72
2066,2011-04-27,7.751
2067,2011-04-26,7.788
2068,2011-04-25,7.839
2069,2011-04-22,7.8
2070,2011-04-21,7.799
2071,2011-04-20,7.811
2072,2011-04-19,7.84
2073,2011-04-18,7.85
2074,2011-04-15,7.81
2075,2011-04-14,7.827
2076,2011-04-13,7.701
2077,2011-04-12,7.69
2078,2011-04-11,7.692
2079,2011-04-08,7.731
2080,2011-04-07,7.692
2081,2011-04-06,7.69
2082,2011-04-05,7.799
2083,2011-04-04,7.798
2084,2011-04-01,7.857
2085,2011-03-31,7.817
2086,2011-03-30,7.837
2087,2011-03-29,7.837
2088,2011-03-28,7.827
2089,2011-03-25,7.826
2090,2011-03-24,7.836
2091,2011-03-23,7.855
2092,2011-03-22,7.835
2093,2011-03-21,7.963
2094,2011-03-18,7.835
2095,2011-03-17,7.835
2096,2011-03-16,7.835
2097,2011-03-15,7.997
2098,2011-03-14,7.834
2099,2011-03-11,7.834
2100,2011-03-10,7.834
2101,2011-03-09,7.834
2102,2011-03-05,8.0
2103,2011-03-04,7.822
2104,2011-03-03,7.822
2105,2011-03-02,8.868
2106,2011-03-01,8.66
2107,2011-02-28,8.763
2108,2011-02-25,8.886
2109,2011-02-24,8.865
2110,2011-02-22,8.884
2111,2011-02-21,8.884
2112,2011-02-18,7.636
2113,2011-02-17,7.75
2114,2011-02-16,8.101
2115,2011-02-15,7.98
2116,2011-02-14,7.98
2117,2011-02-11,7.981
2118,2011-02-10,8.2
2119,2011-02-09,7.98
2120,2011-02-08,7.98
2121,2011-02-07,7.98
2122,2011-02-04,7.981
2123,2011-02-03,8.0
2124,2011-02-02,7.95
2125,2011-02-01,7.95
2126,2011-01-31,8.25
2127,2011-01-28,8.2
2128,2011-01-27,7.681
2129,2011-01-26,7.9
2130,2011-01-25,7.9
2131,2011-01-24,8.063
2132,2011-01-21,8.063
2133,2011-01-20,8.063
2134,2011-01-19,8.063
2135,2011-01-18,7.869
2136,2011-01-17,8.061
2137,2011-01-14,8.061
2138,2011-01-13,8.061
2139,2011-01-12,8.061
2140,2011-01-11,7.441
2141,2010-12-30,7.441
2142,2010-12-29,7.45
2143,2010-12-28,7.45
2144,2010-12-27,7.477
2145,2010-12-24,7.394
2146,2010-12-23,7.9
2147,2010-12-22,7.9
2148,2010-12-21,7.767
2149,2010-12-20,7.767
2150,2010-12-17,7.597
2151,2010-12-16,7.597
2152,2010-12-15,7.423
2153,2010-12-14,7.423
2154,2010-12-13,7.422
2155,2010-12-10,7.42
2156,2010-12-09,7.42
2157,2010-12-08,7.433
2158,2010-12-07,7.75
2159,2010-12-06,7.874
2160,2010-12-03,7.851
2161,2010-12-02,7.868
2162,2010-12-01,7.872
2163,2010-11-30,7.67
2164,2010-11-29,7.858
2165,2010-11-26,7.669
2166,2010-11-25,7.669
2167,2010-11-24,7.857
2168,2010-11-23,7.857
2169,2010-11-22,7.856
2170,2010-11-19,7.6
2171,2010-11-18,7.751
2172,2010-11-17,7.713
2173,2010-11-16,7.668
2174,2010-11-15,7.668
2175,2010-11-13,7.501
2176,2010-11-12,7.667
2177,2010-11-11,7.593
2178,2010-11-10,7.572
2179,2010-11-09,7.5
2180,2010-11-08,7.482
2181,2010-11-03,7.591
2182,2010-11-02,7.591
2183,2010-11-01,7.591
2184,2010-10-29,7.591
2185,2010-10-28,7.481
2186,2010-10-27,7.481
2187,2010-10-26,7.665
2188,2010-10-25,7.665
2189,2010-10-22,7.665
2190,2010-10-21,7.444
2191,2010-10-20,7.481
2192,2010-10-19,7.451
2193,2010-10-18,7.481
2194,2010-10-15,7.375
2195,2010-10-14,7.48
2196,2010-10-13,7.39
2197,2010-10-12,7.5
2198,2010-10-11,7.6
2199,2010-10-08,7.48
2200,2010-10-07,7.353
2201,2010-10-06,7.48
2202,2010-10-05,7.516
2203,2010-10-04,7.498
2204,2010-10-01,7.398
2205,2010-09-30,7.264
2206,2010-09-29,7.299
2207,2010-09-28,7.299
2208,2010-09-27,7.299
2209,2010-09-24,7.299
2210,2010-09-23,7.299
2211,2010-09-22,7.299
2212,2010-09-21,7.317
2213,2010-09-20,7.216
2214,2010-09-17,7.771
2215,2010-09-16,7.771
2216,2010-09-15,8.0
2217,2010-09-14,7.851
2218,2010-09-13,7.55
2219,2010-09-10,7.55
2220,2010-09-09,7.362
2221,2010-09-08,7.6
2222,2010-09-07,7.508
2223,2010-09-06,7.467
2224,2010-09-03,7.467
2225,2010-09-02,7.467
2226,2010-09-01,7.467
2227,2010-08-31,7.308
2228,2010-08-30,7.167
2229,2010-08-27,7.169
2230,2010-08-26,7.169
2231,2010-08-25,7.178
2232,2010-08-24,7.409
2233,2010-08-23,7.409
2234,2010-08-20,7.419
2235,2010-08-19,7.156
2236,2010-08-18,7.156
2237,2010-08-17,7.785
2238,2010-08-16,7.992
2239,2010-08-13,8.007
2240,2010-08-12,8.007
2241,2010-08-11,7.095
2242,2010-08-10,7.189
2243,2010-08-09,7.189
2244,2010-08-06,7.189
2245,2010-08-05,7.087
2246,2010-08-04,7.087
2247,2010-08-03,7.059
2248,2010-08-02,7.127
2249,2010-07-30,7.077
2250,2010-07-29,7.078
2251,2010-07-28,7.117
2252,2010-07-27,7.484
2253,2010-07-26,7.158
2254,2010-07-23,7.12
2255,2010-07-22,7.122
2256,2010-07-21,7.122
2257,2010-07-20,7.122
2258,2010-07-19,7.123
2259,2010-07-16,7.125
2260,2010-07-15,7.125
2261,2010-07-14,7.126
2262,2010-07-13,7.127
2263,2010-07-12,7.127
2264,2010-07-09,7.116
2265,2010-07-08,7.041
2266,2010-07-07,7.13
2267,2010-07-06,7.249
2268,2010-07-05,7.249
2269,2010-07-02,7.249
2270,2010-07-01,7.173
2271,2010-06-30,7.173
2272,2010-06-29,7.058
2273,2010-06-28,7.007
2274,2010-06-25,7.178
2275,2010-06-24,7.178
2276,2010-06-23,7.178
2277,2010-06-22,7.629
2278,2010-06-21,7.077
2279,2010-06-18,7.117
2280,2010-06-17,7.08
2281,2010-06-16,7.157
2282,2010-06-15,7.508
2283,2010-06-11,7.257
2284,2010-06-10,7.022
2285,2010-06-09,7.123
2286,2010-06-08,7.314
2287,2010-06-07,7.443
2288,2010-06-04,7.317
2289,2010-06-03,7.165
2290,2010-06-02,7.382
2291,2010-06-01,7.576
2292,2010-05-31,7.55
2293,2010-05-28,7.578
2294,2010-05-27,7.708
2295,2010-05-26,7.709
2296,2010-05-25,7.709
2297,2010-05-24,7.349
2298,2010-05-21,7.491
2299,2010-05-20,7.482
2300,2010-05-19,7.479
2301,2010-05-18,7.407
2302,2010-05-17,7.794
2303,2010-05-14,8.008
2304,2010-05-13,7.431
2305,2010-05-12,7.534
2306,2010-05-11,7.978
2307,2010-05-07,7.652
2308,2010-05-06,7.98
2309,2010-05-05,7.758
2310,2010-05-04,7.098
2311,2010-04-30,7.113
2312,2010-04-29,7.163
2313,2010-04-28,7.98
2314,2010-04-27,7.115
2315,2010-04-26,7.005
2316,2010-04-23,6.995
2317,2010-04-22,6.972
2318,2010-04-21,6.972
2319,2010-04-20,6.973
2320,2010-04-19,7.096
2321,2010-04-16,6.856
2322,2010-04-15,6.856
2323,2010-04-14,6.809
2324,2010-04-13,6.93
2325,2010-04-12,6.979
2326,2010-04-09,6.885
2327,2010-04-08,6.862
2328,2010-04-07,6.788
2329,2010-04-06,6.804
2330,2010-04-05,6.936
2331,2010-04-02,6.915
2332,2010-04-01,6.951
2333,2010-03-31,6.933
2334,2010-03-30,7.013
2335,2010-03-29,7.038
2336,2010-03-26,7.004
2337,2010-03-25,7.017
2338,2010-03-24,7.03
2339,2010-03-23,7.043
2340,2010-03-22,7.056
2341,2010-03-19,7.046
2342,2010-03-18,7.046
2343,2010-03-17,7.242
2344,2010-03-16,7.267
2345,2010-03-15,7.314
2346,2010-03-12,7.245
2347,2010-03-11,7.239
2348,2010-03-10,7.24
2349,2010-03-09,7.404
2350,2010-03-05,7.406
2351,2010-03-04,7.571
2352,2010-03-03,7.244
2353,2010-03-02,7.316
2354,2010-03-01,7.408
2355,2010-02-27,7.723
2356,2010-02-26,7.426
2357,2010-02-25,7.575
2358,2010-02-24,7.411
2359,2010-02-19,7.414
2360,2010-02-18,7.463
2361,2010-02-17,7.644
2362,2010-02-16,7.826
2363,2010-02-15,7.662
2364,2010-02-12,7.68
2365,2010-02-11,7.91
2366,2010-02-10,7.647
2367,2010-02-09,7.714
2368,2010-02-08,7.914
2369,2010-02-05,7.748
2370,2010-02-04,7.913
2371,2010-02-03,7.683
2372,2010-02-02,7.7
2373,2010-02-01,7.75
2374,2010-01-29,7.751
2375,2010-01-28,7.751
2376,2010-01-27,7.917
2377,2010-01-26,7.752
2378,2010-01-25,7.916
2379,2010-01-22,7.819
2380,2010-01-21,7.919
2381,2010-01-20,7.673
2382,2010-01-19,7.689
2383,2010-01-18,7.92
2384,2010-01-15,7.838
2385,2010-01-14,7.757
2386,2010-01-13,7.806
2387,2010-01-11,9.022
2388,2009-12-30,8.001
2389,2009-12-29,8.001
2390,2009-12-28,8.735
2391,2009-12-25,8.562
2392,2009-12-24,8.258
2393,2009-12-23,8.59
2394,2009-12-22,8.767
2395,2009-12-21,8.769
2396,2009-12-18,8.73
2397,2009-12-17,8.665
2398,2009-12-16,8.665
2399,2009-12-15,8.664
2400,2009-12-14,8.664
2401,2009-12-11,8.664
2402,2009-12-10,8.94
2403,2009-12-09,8.943
2404,2009-12-08,8.8
2405,2009-12-07,8.974
2406,2009-12-04,9.226
2407,2009-12-03,8.806
2408,2009-12-02,8.743
2409,2009-12-01,8.438
2410,2009-11-30,9.087
2411,2009-11-27,9.245
2412,2009-11-26,8.29
2413,2009-11-25,8.142
2414,2009-11-24,8.142
2415,2009-11-23,9.116
2416,2009-11-20,8.817
2417,2009-11-19,8.587
2418,2009-11-18,8.587
2419,2009-11-17,8.587
2420,2009-11-16,8.59
2421,2009-11-13,8.59
2422,2009-11-12,8.59
2423,2009-11-11,8.711
2424,2009-11-10,9.176
2425,2009-11-09,9.252
2426,2009-11-06,9.203
2427,2009-11-05,9.299
2428,2009-11-03,9.196
2429,2009-11-02,8.729
2430,2009-10-30,9.276
2431,2009-10-29,9.444
2432,2009-10-28,9.244
2433,2009-10-27,10.196
2434,2009-10-26,10.416
2435,2009-10-23,10.482
2436,2009-10-22,10.728
2437,2009-10-21,10.157
2438,2009-10-20,9.145
2439,2009-10-19,10.341
2440,2009-10-16,10.0
2441,2009-10-15,9.352
2442,2009-10-14,9.076
2443,2009-10-13,9.514
2444,2009-10-12,9.513
2445,2009-10-09,9.513
2446,2009-10-08,9.544
2447,2009-10-07,9.997
2448,2009-10-06,10.229
2449,2009-10-05,10.499
2450,2009-10-02,10.497
2451,2009-10-01,10.813
2452,2009-09-30,10.878
2453,2009-09-29,10.968
2454,2009-09-28,10.978
2455,2009-09-25,10.99
2456,2009-09-24,11.151
2457,2009-09-23,10.92
2458,2009-09-22,11.113
2459,2009-09-21,11.005
2460,2009-09-18,11.43
2461,2009-09-17,10.983
2462,2009-09-16,11.13
2463,2009-09-15,11.173
2464,2009-09-14,11.351
2465,2009-09-11,11.347
2466,2009-09-10,11.437
2467,2009-09-09,11.527
2468,2009-09-08,11.564
2469,2009-09-07,11.481
2470,2009-09-04,11.432
2471,2009-09-03,11.327
2472,2009-09-02,11.305
2473,2009-09-01,11.516
2474,2009-08-31,11.515
2475,2009-08-28,11.516
2476,2009-08-27,11.515
2477,2009-08-26,11.605
2478,2009-08-25,12.066
2479,2009-08-24,11.694
2480,2009-08-21,11.691
2481,2009-08-20,11.69
2482,2009-08-19,11.508
2483,2009-08-18,11.507
2484,2009-08-17,11.507
2485,2009-08-14,11.504
2486,2009-08-13,11.684
2487,2009-08-12,11.325
2488,2009-08-11,11.324
2489,2009-08-10,11.952
2490,2009-08-07,11.952
2491,2009-08-06,11.319
2492,2009-08-05,11.319
2493,2009-08-04,11.319
2494,2009-08-03,11.318
2495,2009-07-31,11.316
2496,2009-07-30,11.315
2497,2009-07-29,11.28
2498,2009-07-28,11.314
2499,2009-07-27,11.313
2500,2009-07-24,11.259
2501,2009-07-23,11.206
2502,2009-07-22,11.206
2503,2009-07-21,11.205
2504,2009-07-20,11.205
2505,2009-07-17,11.203
2506,2009-07-16,11.219
2507,2009-07-15,11.219
2508,2009-07-14,11.218
2509,2009-07-13,11.304
2510,2009-07-10,11.216
2511,2009-07-09,11.215
2512,2009-07-08,11.302
2513,2009-07-07,11.301
2514,2009-07-06,11.283
2515,2009-07-03,11.281
2516,2009-07-02,11.281
2517,2009-07-01,11.577
2518,2009-06-30,11.297
2519,2009-06-29,11.283
2520,2009-06-26,11.283
2521,2009-06-25,11.283
2522,2009-06-24,11.284
2523,2009-06-23,11.284
2524,2009-06-22,11.189
2525,2009-06-19,11.256
2526,2009-06-18,11.286
2527,2009-06-17,11.286
2528,2009-06-16,11.286
2529,2009-06-15,11.287
2530,2009-06-11,11.286
2531,2009-06-10,11.286
2532,2009-06-09,11.362
2533,2009-06-08,11.285
2534,2009-06-05,11.232
2535,2009-06-04,11.283
2536,2009-06-03,11.279
2537,2009-06-02,11.282
2538,2009-06-01,11.281
2539,2009-05-29,11.28
2540,2009-05-28,11.195
2541,2009-05-27,11.279
2542,2009-05-26,11.194
2543,2009-05-25,11.278
2544,2009-05-22,11.372
2545,2009-05-21,11.276
2546,2009-05-20,11.371
2547,2009-05-19,11.371
2548,2009-05-18,11.275
2549,2009-05-15,11.274
2550,2009-05-14,11.189
2551,2009-05-13,11.273
2552,2009-05-12,11.273
2553,2009-05-08,11.271
2554,2009-05-07,11.27
2555,2009-05-06,11.287
2556,2009-05-05,11.354
2557,2009-05-04,11.748
2558,2009-04-30,10.677
2559,2009-04-29,10.645
2560,2009-04-28,12.711
2561,2009-04-27,12.71
2562,2009-04-24,11.451
2563,2009-04-23,11.587
2564,2009-04-22,11.776
2565,2009-04-21,13.102
2566,2009-04-20,13.823
2567,2009-04-17,13.819
2568,2009-04-16,13.039
2569,2009-04-15,15.067
2570,2009-04-14,12.659
2571,2009-04-13,12.658
2572,2009-04-10,12.655
2573,2009-04-09,12.467
2574,2009-04-08,12.467
2575,2009-04-07,12.561
2576,2009-04-06,12.469
2577,2009-04-03,12.926
2578,2009-04-02,12.651
2579,2009-04-01,12.65
2580,2009-03-31,12.796
2581,2009-03-30,14.564
2582,2009-03-27,14.558
2583,2009-03-26,14.552
2584,2009-03-25,13.781
2585,2009-03-24,14.532
2586,2009-03-23,15.321
2587,2009-03-20,15.322
2588,2009-03-19,13.007
2589,2009-03-18,13.006
2590,2009-03-17,14.252
2591,2009-03-16,13.191
2592,2009-03-13,13.188
2593,2009-03-12,14.321
2594,2009-03-11,14.906
2595,2009-03-10,14.362
2596,2009-03-06,13.753
2597,2009-03-05,13.556
2598,2009-03-04,14.307
2599,2009-03-03,14.325
2600,2009-03-02,12.984
2601,2009-02-27,12.693
2602,2009-02-26,12.693
2603,2009-02-25,13.735
2604,2009-02-24,14.707
2605,2009-02-20,15.698
2606,2009-02-19,15.806
2607,2009-02-18,15.691
2608,2009-02-17,14.578
2609,2009-02-16,15.553
2610,2009-02-13,13.52
2611,2009-02-12,15.13
2612,2009-02-11,15.128
2613,2009-02-10,13.514
2614,2009-02-09,13.513
2615,2009-02-06,13.507
2616,2009-02-05,13.506
2617,2009-02-04,13.504
2618,2009-02-03,13.502
2619,2009-02-02,12.583
2620,2009-01-30,12.575
2621,2009-01-29,12.401
2622,2009-01-28,12.665
2623,2009-01-27,12.225
2624,2009-01-26,13.301
2625,2009-01-23,13.484
2626,2009-01-22,13.294
2627,2009-01-21,14.234
2628,2009-01-20,10.905
2629,2009-01-19,14.251
2630,2009-01-16,14.245
2631,2009-01-15,15.269
2632,2009-01-14,15.266
2633,2009-01-13,15.128
2634,2009-01-12,15.691
2635,2009-01-11,9.487
